id,url
16796509137179,/get-started/
16796682982427,/get-started/create-org
206404618,/get-started/instrumentation-prework
16796780525339,/get-started/create-project
17472723888411,/get-started/get-data-in
16800098709275,/get-started/select-events
206404628,/get-started/identify-users
207108557,/get-started/cross-platform-vs-separate-platform
19354328238363,/get-started/track-your-progress
16798497073947,/get-started/questions-from-your-engineer
16796919792667,/get-started/amplitude-home-page
16797281362843,/get-started/create-a-chart
16797746722203,/get-started/spaces
16798886153883,/get-started/start-from-template
16798159501723,/get-started/understand-user-activity
16798045496859,/get-started/analyze-acquisition-channels
16797955580955,/get-started/analyze-feature-adoption
16797878206747,/get-started/understand-conversion-rate
204620508,/get-started/helpful-definitions
215562387,/get-started/user-property-definitions
360024709711,/get-started/browser-compatibility
360039862012,/get-started/implementationn-team-organization
115002661452,/get-started/optimize-amplitude-workflow
115001580108,/get-started/analyze-a-b-test-results
5078726654363,/data/index
5078704508571,/data/amplitude-data-get-started
115002380567,/data/user-properties-and-events
5078848559259,/data/amplitude-data-settings
360003032451,/data/chrome-extension-debug
17646803703323,/data/understand-ip-address-and-location
5078746573979,/data/data-planning-workflow
115000465251,/data/data-planning-playbook
19717053646107,/data/create-tracking-plan
5078762828699,/data/property-updates-property-groups
5078713391387,/data/work-with-branches
16805456124699,/data/use-ampli
360055925811,/data/csv-import-export
360016606991,/data/taxonomy-api
16805655718939,/data/event-property-descriptions
14884769332507,/data/block-bot-traffic
17050354126619,/data/change-event-activity-status
17050453062811,/data/change-event-category
17050416767003,/data/change-event-description
16805727661211,/data/display-names-in-amplitude-data
10831335547035,/data/override-property
16805784778907,/data/remove-invalid-data
10831709352987,/data/revert-overridden-property
17050314884635,/data/update-property-data-type
17321563434267,/data/use-ai-data-assistant
5913315221915,/data/transformations
16805886899483,/data/custom-events
9980355191579,/data/object-management
5874857623707,/data/derived-properties
8634149673627,/data/lookup-tables
5918635077403,/data/channels
5078870942363,/data/validate-events
20587620067867,/data/environment-settings
14909802992283,/data/cross-project-analysis
6816905540251,/data/integrate-jira
360055495852,/data/configure-schema
21150695006747,/analytics/customize-home-page
360050370192,/analytics/breadcrumbs
236051328,/analytics/search
360028260251,/analytics/workspace
229505188,/analytics/dashboard-create
19465004411803,/analytics/dashboard-filter
19464952104475,/analytics/dashboard-preferences
19464806559131,/analytics/dashboard-create-template
19465059724827,/analytics/dashboard-subscribe
360016524911,/analytics/collaborate-with-spaces
360016281172,/analytics/notebooks
360043053552,/analytics/templates
11314104312859,/analytics/share-dashboards
235717108,/analytics/share-external
9121457018907,/analytics/atlassian-smart-links
5786072827291,/analytics/chart-embed-notion
8476297377819,/analytics/integrate-miro
227613388,/analytics/integrate-slack
17787338689307,/analytics/google-drive-sync
20464659456667,/analytics/session-replay
115001765532,/analytics/account-level-reporting
5332668738331,/analytics/account-level-reporting-setup
360040965352,/analytics/behavior-offset
229313067,/analytics/user-data-lookup
236032527,/analytics/microscope
360017800371,/analytics/releases
231881448,/analytics/behavioral-cohorts
19528328446363,/analytics/define-cohort
19528580295835,/analytics/compare-cohorts
19528398045083,/analytics/create-cohorts
360049309011,/analytics/track-cohort-changes
360040957432,/analytics/historical-count-1
21037928991259,/analytics/historical-count-2
21065498729243,/analytics/historical-count-3
360044072251,/analytics/anomaly-forecast
115001764612,/analytics/insights
360053198271,/analytics/root-cause-analysis
115001816407,/analytics/charts/find-the-right-chart
231999267,/analytics/charts/chart-basics
360051775171,/analytics/charts/build-charts-add-events
13650690245915,/analytics/charts/build-charts-add-user-segments
19689507379995,/analytics/charts/build-charts-modify-user-segment
360050836071,/analytics/charts/event-explorer
14911842524827,/analytics/charts/review-chart-data
360035354552,/analytics/charts/build-charts-segmentation-module
5606320929179,/analytics/charts/array-operators
360031259831,/analytics/charts/group-by
360041885332,/analytics/charts/group-events
17727675382811,/analytics/charts/prune-and-order-data
9623000954907,/analytics/charts/cart-analysis
14885323242907,/analytics/charts/optimize-query-performance
360052274852,/analytics/charts/event-segmentation/event-segmentation-build
19688391224731,/analytics/charts/event-segmentation/event-segmentation-choose-measurement
360035355132,/analytics/charts/event-segmentation/event-segmentation-interpret-1
14056975720091,/analytics/charts/event-segmentation/event-segmentation-interpret-2
13321766657947,/analytics/charts/event-segmentation/event-segmentation-in-line-events
115001163231,/analytics/charts/event-segmentation/event-segmentation-custom-formulas
360052745632,/analytics/charts/funnel-analysis/funnel-analysis-build
115001351507,/analytics/charts/funnel-analysis/funnel-analysis-get-the-most
360053338671,/analytics/charts/funnel-analysis/funnel-analysis-interpret
19466562128411,/analytics/charts/funnel-analysis/funnel-analysis-ab-test
19458351187483,/analytics/charts/funnel-analysis/funnel-analysis-combine-events
19458267203099,/analytics/charts/funnel-analysis/funnel-analysis-compare-multiple
19458300523291,/analytics/charts/funnel-analysis/funnel-analysis-compare-group-by
19466646450203,/analytics/charts/funnel-analysis/funnel-analysis-hold-properties-constant
360039976551,/analytics/charts/funnel-analysis/funnel-analysis-identify-conversion-drivers
19458278060571,/analytics/charts/funnel-analysis/funnel-analysis-optional-step
19466710221979,/analytics/charts/funnel-analysis/funnel-analysis-view-by-property-value
19458087881627,/analytics/charts/funnel-analysis/funnel-analysis-how-amplitude-computes
4448893756315,/analytics/charts/funnel-analysis/funnel-analysis-how-amplitude-computes-conversions
19458044599195,/analytics/charts/funnel-analysis/funnel-analysis-how-amplitude-handles-simultaneous-events
14740839213339,/analytics/charts/funnel-analysis/funnel-analysis-how-filters-work
19458172443931,/analytics/charts/funnel-analysis/funnel-analysis-how-amplitude-handles-segmenting
360050153151,/analytics/charts/retention-analysis/retention-analysis-build
19687889786011,/analytics/charts/retention-analysis/retention-analysis-usage-interval
360050153551,/analytics/charts/retention-analysis/retention-analysis-interpret
14309698064923,/analytics/charts/retention-analysis/retention-analysis-interpret-usage
14310206381595,/analytics/charts/retention-analysis/retention-analysis-calculation
14309817756827,/analytics/charts/retention-analysis/retention-analysis-time
6797483965083,/analytics/charts/data-tables/data-tables-multi-dimensional-analysis
19466947066651,/analytics/charts/data-tables/data-tables-results-and-sorting-logic
10249480038043,/analytics/charts/data-tables/data-tables-create-metric
10442602260507,/analytics/charts/data-tables/data-tables-use-session-metrics
6040784295195,/analytics/charts/data-tables/data-tables-attribute-credit
16427637651995,/analytics/charts/journeys/journeys-understand-paths
16427848208539,/analytics/charts/journeys/journeys-understand-visualizations
360062072631,/analytics/charts/experiment-results/experiment-results-dig-deeper
13885412065179,/analytics/charts/experiment-results/experiment-results-use-formula-metrics
230680867,/analytics/charts/revenue-ltv/revenue-ltv-track-new-user-monetization
14453697446043,/analytics/charts/revenue-ltv/revenue-ltv-interpret
360054192152,/analytics/charts/compass/compass-interpret-1
20963736374299,/analytics/charts/compass/compass-interpret-2
235147347,/analytics/charts/compass/compass-aha-moment
115001526027,/analytics/charts/compass/compass-find-inflection-metrics
230901928,/analytics/charts/stickiness/stickiness-identify-features
360053681271,/analytics/charts/stickiness/stickiness-interpret
235648588,/analytics/charts/personas/personas-clustering
20719767917083,/analytics/charts/personas/personas-interpret
360020765372,/analytics/charts/impact-analysis/impact-analysis-track
20962963769499,/analytics/charts/impact-analysis/impact-analysis-interpret
20997387039387,/analytics/charts/user-sessions/user-sessions-interpret
231275508,/analytics/charts/user-sessions/user-sessions-track-engagement-frequency
21037634182299,/analytics/charts/engagement-matrix/engagement-matrix-interpret
115000095851,/analytics/charts/engagement-matrix/engagement-matrix-discover
21037113562651,/analytics/charts/lifecycle/lifecycle-interpret
228838627,/analytics/charts/lifecycle/lifecycle-track-growth
231258248,/analytics/charts/other-charts/other-charts-user-composition
115001902492,/analytics/charts/other-charts/other-charts-amplitude-sql
20460581705243,/analytics/charts/other-charts/other-charts-amplitude-sql-schema
360042951571,/analytics/charts/legacy-charts/legacy-charts-pathfinder
235777567,/analytics/charts/legacy-charts/legacy-charts-pathfinder-users
360050769531,/analytics/charts/legacy-charts/legacy-charts-journeys
360061270232,/experiment/overview
8485952382235,/experiment/analysis-view
4416438117147,/experiment/app-level-permissions
360061651452,/experiment/key-terms
360061270372,/experiment/workflow/configure
360061687551,/experiment/workflow/create
4405839607579,/experiment/workflow/define-goals
9795802005019,/experiment/workflow/define-audience
4405832771995,/experiment/workflow/add-variants
13448368364187,/experiment/workflow/finalize-statistical-preferences
20009673705627,/experiment/workflow/configure-delivery
360061687611,/experiment/workflow/experiment-test
360061687631,/experiment/workflow/experiment-learnings
360061270832,/experiment/workflow/experiment-troubleshoot
11502996649371,/experiment/workflow/experiment-estimate-duration
360061687311,/experiment/workflow/feature-flag-rollouts
18888080184475,/experiment/advanced-techniques/advanced-metric-use-cases
12939879862171,/experiment/advanced-techniques/sticky-bucketing
12347964006555,/experiment/advanced-techniques/import-export-settings
8807757689499,/experiment/advanced-techniques/multiple-hypothesis-testing
8043418569371,/experiment/advanced-techniques/sample-ratio-mismatch
360061270712,/experiment/advanced-techniques/mutually-exclusive-experiments
7985566141083,/experiment/advanced-techniques/cumulative-exposure-change-slope
20722788163995,/experiment/advanced-techniques/cumulative-exposure-inflection-points
20722853103643,/experiment/advanced-techniques/cumulative-exposure-divergent-lines
20085827191963,/experiment/advanced-techniques/holdout-groups-advanced-use-cases
13508918823835,/experiment/advanced-techniques/holdout-groups-exclude-users
12587885686299,/experiment/experiment-theory/analyze-with-t-test
12785071886875,/experiment/experiment-theory/experiment-set-mde
4455062287387,/experiment/under-the-hood/experiment-analysis-chart-calculation
4403176829709,/experiment/under-the-hood/experiment-sequential-testing
360061687351,/experiment/under-the-hood/experiment-randomization
360061687371,/experiment/under-the-hood/experiment-performance-scaling
360060044791,/cdp/audiences/computations
360049161832,/cdp/audiences/predictions
360049164712,/cdp/audiences/predictions-build
360049642891,/cdp/audiences/predictions-use
360059624172,/cdp/audiences/recommendations
360059625252,/cdp/audiences/recommendations-build
360059626072,/cdp/audiences/recommendations-use
360060055531,/cdp/audiences/third-party-syncs
115003135607,/cdp/sources/instrument-track-unique-users
115002323627,/cdp/sources/instrument-track-sessions
115003116888,/cdp/sources/instrument-track-revenue
18749912891419,/cdp/sources/session-length
16806069264539,/cdp/sources/connect-to-source
360043976571,/cdp/sources/export-api-differences
360058531591,/admin/account-management/manage-users
360058073772,/admin/account-management/manage-orgs-projects
360044588191,/admin/account-management/manage-permission-groups
235649848,/admin/account-management/account-settings
229672228,/admin/account-management/user-roles-permissions
360031965572,/admin/account-management/manage-notifications
15581410157339,/admin/account-management/currency-unit
360002750712,/admin/account-management/portfolio
115001476972,/admin/account-management/manage-event-volume
360058399851,/admin/account-management/scim-provision
360055808391,/admin/account-management/webhooks
12217810210331,/admin/billing-use/mtu-guide
360049166012,/admin/billing-use/usage-reports
360002534392,/admin/single-sign-on/sso
360002548591,/admin/single-sign-on/auth-0
360002564052,/admin/single-sign-on/g-suite
360002581311,/admin/single-sign-on/azure-active-directory
360002583351,/admin/single-sign-on/one-login
360002583131,/admin/single-sign-on/okta